Comment,Designator,Footprint,Code
10uF,C1,Capacitor_SMD:C_0603_1608Metric,CL10A106KP8NNNC 
10nF,C2,Capacitor_SMD:C_0603_1608Metric,0603B103K500NT 
10uF,C3,Capacitor_SMD:C_0603_1608Metric,0603B103K500NT 
10nF,C4,Capacitor_SMD:C_0603_1608Metric,0603B103K500NT 
100nF,C5,Capacitor_SMD:C_0603_1608Metric,CC0603KRX7R9BB104 
100nF,C6,Capacitor_SMD:C_0603_1608Metric,CC0603KRX7R9BB104 
100nF,C7,Capacitor_SMD:C_0603_1608Metric,CC0603KRX7R9BB104 
100nF,C8,Capacitor_SMD:C_0603_1608Metric,CC0603KRX7R9BB104 
100nF,C9,Capacitor_SMD:C_0603_1608Metric,CC0603KRX7R9BB104 
100nF,C10,Capacitor_SMD:C_0603_1608Metric,CC0603KRX7R9BB104 
10uF,C11,Capacitor_SMD:C_0603_1608Metric,CL10A106KP8NNNC
10uF,C12,Capacitor_SMD:C_0603_1608Metric,CL10A106KP8NNNC
LED,D1,LED_SMD:LED_0603_1608Metric,19-217/GHC-YR1S2/3T
LED,D2,LED_SMD:LED_0603_1608Metric,19-213/Y2C-CQ2R2L/3T(CY) 
GZ1608D221TF,L1,Inductor_SMD:L_0603_1608Metric,GZ1608D221TF
GZ1608D221TF,L2,Inductor_SMD:L_0603_1608Metric,GZ1608D221TF
GZ1608D221TF,L3,Inductor_SMD:L_0603_1608Metric,GZ1608D221TF
GZ1608D221TF,L4,Inductor_SMD:L_0603_1608Metric,GZ1608D221TF
GZ1608D221TF,L5,Inductor_SMD:L_0603_1608Metric,GZ1608D221TF
Si2301CDS,Q1,Package_TO_SOT_SMD:SOT-23,SI2301CDS-T1-GE3 
Si2301CDS,Q2,Package_TO_SOT_SMD:SOT-23,SI2301CDS-T1-GE3 
DMG1012UW,Q3,Package_TO_SOT_SMD:SOT-323_SC-70,DMG1012UW-7 
1K,R1,Resistor_SMD:R_0603_1608Metric,0603WAF1001T5E 
10K,R2,Resistor_SMD:R_0603_1608Metric,0603WAF1002T5E
100R,R3,Resistor_SMD:R_0603_1608Metric,0603WAF1000T5E
1K,R4,Resistor_SMD:R_0603_1608Metric,0603WAF1001T5E 
100R,R5,Resistor_SMD:R_0603_1608Metric,0603WAF1000T5E
100R,R6,Resistor_SMD:R_0603_1608Metric,0603WAF1000T5E
100R,R7,Resistor_SMD:R_0603_1608Metric,0603WAF1000T5E
100R,R8,Resistor_SMD:R_0603_1608Metric,0603WAF1000T5E
100R,R9,Resistor_SMD:R_0603_1608Metric,0603WAF1000T5E
100R,R10,Resistor_SMD:R_0603_1608Metric,0603WAF1000T5E
100R,R11,Resistor_SMD:R_0603_1608Metric,0603WAF1000T5E
100R,R12,Resistor_SMD:R_0603_1608Metric,0603WAF1000T5E
100R,R13,Resistor_SMD:R_0603_1608Metric,0603WAF1000T5E
100R,R14,Resistor_SMD:R_0603_1608Metric,0603WAF1000T5E
100R,R15,Resistor_SMD:R_0603_1608Metric,0603WAF1000T5E
100R,R16,Resistor_SMD:R_0603_1608Metric,0603WAF1000T5E
10K,R17,Resistor_SMD:R_0603_1608Metric,0603WAF1002T5E
100R,R18,Resistor_SMD:R_0603_1608Metric,0603WAF1000T5E
10K,R19,Resistor_SMD:R_0603_1608Metric,0603WAF1002T5E 
100R,R20,Resistor_SMD:R_0603_1608Metric,0603WAF1000T5E
100K,R21,Resistor_SMD:R_0603_1608Metric,0603WAF1003T5E
74LVCH8T245,U1,Package_SO:TSSOP-24_4.4x7.8mm_P0.65mm,"74LVC8T245PW,118"
SN74LVC2T45DCUR,U2,Package_SO:VSSOP-8_2.4x2.1mm_P0.5mm,SN74LVC2T45DCURG4
SN74LVC2T45DCUR,U3,Package_SO:VSSOP-8_2.4x2.1mm_P0.5mm,SN74LVC2T45DCURG4
